--
-- File generated with SQLiteStudio v3.2.1 on Fri Dec 11 18:13:30 2020
--
-- Text encoding used: UTF-8
--
PRAGMA foreign_keys = off;
BEGIN TRANSACTION;

-- Table: Belongs_to
CREATE TABLE Belongs_to (Item_num NUMERIC (50) REFERENCES Food (Item_num) ON DELETE CASCADE ON UPDATE CASCADE NOT NULL, Category_ID TEXT (20) REFERENCES Category (Category_ID) ON DELETE CASCADE ON UPDATE CASCADE NOT NULL, PRIMARY KEY (Item_num, Category_ID));
INSERT INTO Belongs_to (Item_num, Category_ID) VALUES (100001, 'DINM');
INSERT INTO Belongs_to (Item_num, Category_ID) VALUES (100002, 'DINM');
INSERT INTO Belongs_to (Item_num, Category_ID) VALUES (100003, 'DINM');
INSERT INTO Belongs_to (Item_num, Category_ID) VALUES (100004, 'DINV');
INSERT INTO Belongs_to (Item_num, Category_ID) VALUES (100005, 'DINV');
INSERT INTO Belongs_to (Item_num, Category_ID) VALUES (100006, 'DINM');
INSERT INTO Belongs_to (Item_num, Category_ID) VALUES (200001, 'DES');
INSERT INTO Belongs_to (Item_num, Category_ID) VALUES (200002, 'DES');
INSERT INTO Belongs_to (Item_num, Category_ID) VALUES (200003, 'DES');
INSERT INTO Belongs_to (Item_num, Category_ID) VALUES (200004, 'DES');
INSERT INTO Belongs_to (Item_num, Category_ID) VALUES (200005, 'DES');
INSERT INTO Belongs_to (Item_num, Category_ID) VALUES (200006, 'DES');
INSERT INTO Belongs_to (Item_num, Category_ID) VALUES (300001, 'SD');
INSERT INTO Belongs_to (Item_num, Category_ID) VALUES (300002, 'SAL');
INSERT INTO Belongs_to (Item_num, Category_ID) VALUES (200007, 'DES');
INSERT INTO Belongs_to (Item_num, Category_ID) VALUES (300002, 'SD');
INSERT INTO Belongs_to (Item_num, Category_ID) VALUES (300003, 'SAL');
INSERT INTO Belongs_to (Item_num, Category_ID) VALUES (300003, 'SD');
INSERT INTO Belongs_to (Item_num, Category_ID) VALUES (300004, 'SD');
INSERT INTO Belongs_to (Item_num, Category_ID) VALUES (300005, 'SD');
INSERT INTO Belongs_to (Item_num, Category_ID) VALUES (300006, 'SD');
INSERT INTO Belongs_to (Item_num, Category_ID) VALUES (300007, 'SAL');
INSERT INTO Belongs_to (Item_num, Category_ID) VALUES (300007, 'SD');

-- Table: Cart
CREATE TABLE Cart (Order_num NUMERIC (50) PRIMARY KEY ASC CHECK (Order_num >= 0) NOT NULL, Transaction_ID VARCHAR (60) REFERENCES Payment (Trans_ID) ON DELETE RESTRICT ON UPDATE CASCADE MATCH SIMPLE CHECK (Transaction_ID >= 0) NOT NULL, Customer_ID NUMERIC (20) REFERENCES Customer (Cust_ID) ON DELETE NO ACTION ON UPDATE CASCADE MATCH SIMPLE CHECK (Customer_ID >= 1) NOT NULL);
INSERT INTO Cart (Order_num, Transaction_ID, Customer_ID) VALUES (1, 'AF20200000001', 1);
INSERT INTO Cart (Order_num, Transaction_ID, Customer_ID) VALUES (2, 'AF20200000002', 2);
INSERT INTO Cart (Order_num, Transaction_ID, Customer_ID) VALUES (3, 'AF20200000003', 5);
INSERT INTO Cart (Order_num, Transaction_ID, Customer_ID) VALUES (4, 'AF20200000004', 9);
INSERT INTO Cart (Order_num, Transaction_ID, Customer_ID) VALUES (5, 'AF20200000005', 9);
INSERT INTO Cart (Order_num, Transaction_ID, Customer_ID) VALUES (6, 'AF20200000006', 4);
INSERT INTO Cart (Order_num, Transaction_ID, Customer_ID) VALUES (7, 'AF20200000007', 19);
INSERT INTO Cart (Order_num, Transaction_ID, Customer_ID) VALUES (8, 'AF20200000008', 19);
INSERT INTO Cart (Order_num, Transaction_ID, Customer_ID) VALUES (9, 'AF20200000009', 7);
INSERT INTO Cart (Order_num, Transaction_ID, Customer_ID) VALUES (10, 'AF20200000010', 3);
INSERT INTO Cart (Order_num, Transaction_ID, Customer_ID) VALUES (11, 'AF20200000011', 6);
INSERT INTO Cart (Order_num, Transaction_ID, Customer_ID) VALUES (12, 'AF20200000012', 5);
INSERT INTO Cart (Order_num, Transaction_ID, Customer_ID) VALUES (13, 'AF20200000013', 12);
INSERT INTO Cart (Order_num, Transaction_ID, Customer_ID) VALUES (14, 'AF20200000014', 16);
INSERT INTO Cart (Order_num, Transaction_ID, Customer_ID) VALUES (15, 'AF20200000015', 10);
INSERT INTO Cart (Order_num, Transaction_ID, Customer_ID) VALUES (16, 'AF20200000016', 10);
INSERT INTO Cart (Order_num, Transaction_ID, Customer_ID) VALUES (17, 'AF20200000017', 17);
INSERT INTO Cart (Order_num, Transaction_ID, Customer_ID) VALUES (18, 'AF20200000018', 8);
INSERT INTO Cart (Order_num, Transaction_ID, Customer_ID) VALUES (19, 'AF20200000019', 20);
INSERT INTO Cart (Order_num, Transaction_ID, Customer_ID) VALUES (20, 'AF20200000020', 14);

-- Table: Category
CREATE TABLE Category (Category_ID VARCHAR (50) PRIMARY KEY ASC NOT NULL CHECK (Category_ID >= 0), Name VARCHAR (50) NOT NULL, Description VARCHAR (60));
INSERT INTO Category (Category_ID, Name, Description) VALUES ('DINM', 'Dinner', 'Dinner containing meat');
INSERT INTO Category (Category_ID, Name, Description) VALUES ('DINV', 'Dinner', 'Vegetarian dinner');
INSERT INTO Category (Category_ID, Name, Description) VALUES ('DES', 'Dessert', 'Dessert with sugar');
INSERT INTO Category (Category_ID, Name, Description) VALUES ('DESN', 'Dessert', 'Dessert without sugar');
INSERT INTO Category (Category_ID, Name, Description) VALUES ('SD', 'Side Dish', 'Sides Dishe');
INSERT INTO Category (Category_ID, Name, Description) VALUES ('SAL', 'Salad', 'Salad');
INSERT INTO Category (Category_ID, Name, Description) VALUES ('DRK', 'Drink', 'Non-Alcoholic Drink');
INSERT INTO Category (Category_ID, Name, Description) VALUES ('WTR', 'Water', 'Bottled Water');
INSERT INTO Category (Category_ID, Name, Description) VALUES ('GCRD', 'Gift Card', 'Gift Certificate');
INSERT INTO Category (Category_ID, Name, Description) VALUES ('DON', 'Donation', 'Donation');
INSERT INTO Category (Category_ID, Name, Description) VALUES ('DINMGF', 'Dinner', 'Gluten free dinner containing meat');
INSERT INTO Category (Category_ID, Name, Description) VALUES ('DINVGF', 'Dinner', 'Gluten free vegetarian dinner');
INSERT INTO Category (Category_ID, Name, Description) VALUES ('SDGF', 'Side Dish', 'Gluten free side dish');
INSERT INTO Category (Category_ID, Name, Description) VALUES ('DINMDF', 'Dinner', 'Dairy free dinner containing meat');
INSERT INTO Category (Category_ID, Name, Description) VALUES ('DINVDF', 'Dinner', 'Dairy free vegetarian dinner');
INSERT INTO Category (Category_ID, Name, Description) VALUES ('SDDF', 'Side Dish', 'Dairy free side dish');
INSERT INTO Category (Category_ID, Name, Description) VALUES ('DESGF', 'Dessert', 'Gluten free dessert with sugar');
INSERT INTO Category (Category_ID, Name, Description) VALUES ('DESDF', 'Dessert', 'Dairy free dessert with sugar');
INSERT INTO Category (Category_ID, Name, Description) VALUES ('DESGFDF', 'Dessert', 'Dairy free, gluten free dessert with sugar');
INSERT INTO Category (Category_ID, Name, Description) VALUES ('SALGF', 'Salad', 'Gluten free salad');
INSERT INTO Category (Category_ID, Name, Description) VALUES ('SALDF', 'Salad', 'Dairy Free Salad');

-- Table: Customer
CREATE TABLE Customer (Cust_ID BIGINT (20) PRIMARY KEY ASC NOT NULL CHECK (Cust_ID >= 1), Username VARCHAR (20) UNIQUE NOT NULL, Fname VARCHAR (20) NOT NULL, Mid_name VARCHAR (20), Lname VARCHAR (20) NOT NULL, Home_address VARCHAR (250) NOT NULL, City TEXT (40) NOT NULL, State TEXT (2) NOT NULL, Zip VARCHAR (5) NOT NULL, Home_phone INTEGER (10) CHECK (Home_phone > 0), Cell INTEGER (10) NOT NULL CHECK (Cell > 0), Password VARCHAR (40) NOT NULL);
INSERT INTO Customer (Cust_ID, Username, Fname, Mid_name, Lname, Home_address, City, State, Zip, Home_phone, Cell, Password) VALUES (1, 'TMkrtschjan', 'Taline', NULL, 'Mkrtschjan', '123 Main Street', 'Cranston', 'RI', '02920', NULL, 4011234567, 'OudeliK@112');
INSERT INTO Customer (Cust_ID, Username, Fname, Mid_name, Lname, Home_address, City, State, Zip, Home_phone, Cell, Password) VALUES (2, 'JMkrtschjan', 'John', 'M', 'Mkrtschjan', '123 Main Street', 'Cranston', 'RI', '02920', NULL, 4011234568, 'OudeliK@726');
INSERT INTO Customer (Cust_ID, Username, Fname, Mid_name, Lname, Home_address, City, State, Zip, Home_phone, Cell, Password) VALUES (3, 'LSandes', 'Lara', 'A', 'Sanders', '234 Oaklawn Avenue', 'Warwick', 'RI', '02920', NULL, 4019876543, 'ArmFest@2020');
INSERT INTO Customer (Cust_ID, Username, Fname, Mid_name, Lname, Home_address, City, State, Zip, Home_phone, Cell, Password) VALUES (4, 'BMathis', 'Brian', 'G', 'Matossian', '1023 Prentice Avenue', 'N Providence', 'RI', '02911', NULL, 4018765432, 'ETHic$Food');
INSERT INTO Customer (Cust_ID, Username, Fname, Mid_name, Lname, Home_address, City, State, Zip, Home_phone, Cell, Password) VALUES (5, 'JValjean', 'Jean', 'K', 'Valjean', '121 Harris Avenue', 'Barrington', 'RI', '02806', NULL, 4014442211, 'Eating@Well');
INSERT INTO Customer (Cust_ID, Username, Fname, Mid_name, Lname, Home_address, City, State, Zip, Home_phone, Cell, Password) VALUES (6, 'BAbbot', 'Bella', 'A', 'Abbot', '98 Plain Street', 'Exeter', 'RI', '02822', NULL, 4019982065, '@Stsvarts');
INSERT INTO Customer (Cust_ID, Username, Fname, Mid_name, Lname, Home_address, City, State, Zip, Home_phone, Cell, Password) VALUES (7, 'NoraC', 'Nora', NULL, 'Callahan', '200 High Street', 'Lowell', 'MA', '01852', NULL, 9789781234, 'ArmfestRI$');
INSERT INTO Customer (Cust_ID, Username, Fname, Mid_name, Lname, Home_address, City, State, Zip, Home_phone, Cell, Password) VALUES (8, 'MBinWaleed@gmail.com', 'Mohammad', NULL, 'Bin Waleed', '44 Hillside Road', 'North Attelboro', 'MA', '02760', NULL, 5082569842, 'EatToday.');
INSERT INTO Customer (Cust_ID, Username, Fname, Mid_name, Lname, Home_address, City, State, Zip, Home_phone, Cell, Password) VALUES (9, 'JDaniel@yahoo.com', 'Jacqueline', 'H', 'Danielian', '201 Parker Street', 'East Providence', 'RI', '02914', NULL, 4015557575, '(IAmHuNgRy)');
INSERT INTO Customer (Cust_ID, Username, Fname, Mid_name, Lname, Home_address, City, State, Zip, Home_phone, Cell, Password) VALUES (10, 'TheaterFan', 'Talia', 'P', 'Palandjian', '900 Blackstone Boulevard', 'Providence', 'RI', '02906', NULL, 4013312699, 'Order$Food');
INSERT INTO Customer (Cust_ID, Username, Fname, Mid_name, Lname, Home_address, City, State, Zip, Home_phone, Cell, Password) VALUES (11, 'GoPatriots', 'Helen', NULL, 'Armenian', '77 Harvard Court', 'Cranston', 'RI', '02920', NULL, 4012223333, 'PatsRulE!');
INSERT INTO Customer (Cust_ID, Username, Fname, Mid_name, Lname, Home_address, City, State, Zip, Home_phone, Cell, Password) VALUES (12, 'DNader', 'David', 'L', 'Nader', '695 Christopher Street', 'South Kingstown', 'RI', '02879', NULL, 4018885544, 'Eating_Today');
INSERT INTO Customer (Cust_ID, Username, Fname, Mid_name, Lname, Home_address, City, State, Zip, Home_phone, Cell, Password) VALUES (13, 'AMansourian', 'Anahit', 'A', 'Mansourian', '29 North Main Street', 'Providence', 'RI', '02903', NULL, 4013458297, '@TooHungrY');
INSERT INTO Customer (Cust_ID, Username, Fname, Mid_name, Lname, Home_address, City, State, Zip, Home_phone, Cell, Password) VALUES (14, 'CBeauchamp', 'Chrostophe', NULL, 'Beauchamp', '77 Florence Street', 'Checstnut Hill', 'MA', '02467', NULL, 6179879877, '@EthnicFood');
INSERT INTO Customer (Cust_ID, Username, Fname, Mid_name, Lname, Home_address, City, State, Zip, Home_phone, Cell, Password) VALUES (15, 'NKaloustian', 'Nounee', NULL, 'Kaloustian', '36 Beaudry Street', 'Springfield', 'MA', '01151', NULL, 4133659876, 'TooFull!');
INSERT INTO Customer (Cust_ID, Username, Fname, Mid_name, Lname, Home_address, City, State, Zip, Home_phone, Cell, Password) VALUES (16, 'AMegerdichian', 'Ani', NULL, 'Megerdichian', '40 Crocus Drive', 'Cranston', 'RI', '02920', NULL, 4014112695, '@RIFestival');
INSERT INTO Customer (Cust_ID, Username, Fname, Mid_name, Lname, Home_address, City, State, Zip, Home_phone, Cell, Password) VALUES (17, 'GDemirdjian', 'Garine', NULL, 'Demirdjian', '90 Poplar Drive', 'Cranston', 'RI', '02920', NULL, 4018529631, 'Meat.Lover');
INSERT INTO Customer (Cust_ID, Username, Fname, Mid_name, Lname, Home_address, City, State, Zip, Home_phone, Cell, Password) VALUES (18, 'RKnight', 'Rhonda', NULL, 'Knight', '52 Huntington Avenue', 'Norwich', 'CT', '06360', NULL, 9599122626, 'EaT.VeggieS');
INSERT INTO Customer (Cust_ID, Username, Fname, Mid_name, Lname, Home_address, City, State, Zip, Home_phone, Cell, Password) VALUES (19, 'LWilson', 'Lambert', NULL, 'Wilson', '4 Francis Drive', 'Andover', 'MA', '01810', NULL, 3513029421, 'Order_Dinner');
INSERT INTO Customer (Cust_ID, Username, Fname, Mid_name, Lname, Home_address, City, State, Zip, Home_phone, Cell, Password) VALUES (20, 'TAboubaker', 'Thaer', NULL, 'Aboubaker', '12 Fall RIver Avenue', 'Seekonk', 'MA', '02771', NULL, 7742695346, 'Food$Tonight');

-- Table: Food
CREATE TABLE Food (Item_num VARCHAR (10) PRIMARY KEY ASC NOT NULL, Name VARCHAR (50) NOT NULL, Quantity INTEGER (10) NOT NULL CHECK (Quantity >= 0), Price DOUBLE (10) NOT NULL CHECK (Price >= 0) DEFAULT (0));
INSERT INTO Food (Item_num, Name, Quantity, Price) VALUES ('100001', 'Beef Kebab', 100, 18.0);
INSERT INTO Food (Item_num, Name, Quantity, Price) VALUES ('100002', 'Chicken Kebab', 100, 15.0);
INSERT INTO Food (Item_num, Name, Quantity, Price) VALUES ('100003', 'Losh Kebab', 100, 15.0);
INSERT INTO Food (Item_num, Name, Quantity, Price) VALUES ('100004', 'Falafel', 250, 12.0);
INSERT INTO Food (Item_num, Name, Quantity, Price) VALUES ('100005', 'Stuffed Grape Leaves', 100, 15.0);
INSERT INTO Food (Item_num, Name, Quantity, Price) VALUES ('100006', 'Frozen Dozen Kufta', 100, 25.0);
INSERT INTO Food (Item_num, Name, Quantity, Price) VALUES ('200001', 'Choreg Loaf', 100, 10.0);
INSERT INTO Food (Item_num, Name, Quantity, Price) VALUES ('200002', 'Katah', 100, 25.0);
INSERT INTO Food (Item_num, Name, Quantity, Price) VALUES ('200003', 'Sweet Katah', 250, 5.0);
INSERT INTO Food (Item_num, Name, Quantity, Price) VALUES ('200004', 'Dozen Choregs', 250, 12.0);
INSERT INTO Food (Item_num, Name, Quantity, Price) VALUES ('200005', 'Simit Cookies', 250, 5.0);
INSERT INTO Food (Item_num, Name, Quantity, Price) VALUES ('200006', 'Bourma', 240, 5.0);
INSERT INTO Food (Item_num, Name, Quantity, Price) VALUES ('300001', 'Rice Pilaf', 100, 12.0);
INSERT INTO Food (Item_num, Name, Quantity, Price) VALUES ('300002', 'Garden Salad', 250, 3.0);
INSERT INTO Food (Item_num, Name, Quantity, Price) VALUES ('300003', 'Eggplant Salad', 100, 12.0);
INSERT INTO Food (Item_num, Name, Quantity, Price) VALUES ('300004', 'Hummus', 250, 5.0);
INSERT INTO Food (Item_num, Name, Quantity, Price) VALUES ('300005', 'Eggpland Spread', 250, 5.0);
INSERT INTO Food (Item_num, Name, Quantity, Price) VALUES ('300006', 'Tsatsiki', 250, 5.0);
INSERT INTO Food (Item_num, Name, Quantity, Price) VALUES ('200007', 'Ghadayif', 50, 25.0);
INSERT INTO Food (Item_num, Name, Quantity, Price) VALUES ('300007', 'Greek Salad', 50, 5.0);

-- Table: Payment
CREATE TABLE Payment (Trans_ID VARCHAR (30) PRIMARY KEY ASC NOT NULL, Customer_ID BIGINT (20) NOT NULL CHECK (Customer_ID >= 1) REFERENCES Customer (Cust_ID) ON DELETE RESTRICT ON UPDATE CASCADE MATCH SIMPLE, Card_num BIGINT (16) NOT NULL CHECK (Card_num > 0), Exp_date DATE (8) NOT NULL, Type TEXT (15) NOT NULL, Status TEXT (10), Amount DOUBLE (10) CHECK (Amount >= 0) NOT NULL, Date DATE (8) NOT NULL);
INSERT INTO Payment (Trans_ID, Customer_ID, Card_num, Exp_date, Type, Status, Amount, Date) VALUES ('AF20200000001', 1, 1234567834562456, '05/2024', 'Visa', 'Approved', 117.0, 12072020);
INSERT INTO Payment (Trans_ID, Customer_ID, Card_num, Exp_date, Type, Status, Amount, Date) VALUES ('AF20200000002', 2, 1234567834562456, '05/2024', 'Visa', 'Approved', 102.0, 12072020);
INSERT INTO Payment (Trans_ID, Customer_ID, Card_num, Exp_date, Type, Status, Amount, Date) VALUES ('AF20200000003', 5, 5544223698623122, '11/2021', 'Mastercard', 'Approved', 80.0, 12072020);
INSERT INTO Payment (Trans_ID, Customer_ID, Card_num, Exp_date, Type, Status, Amount, Date) VALUES ('AF20200000004', 9, 4478996533217412, '01/2021', 'Visa', 'Declined', 150.0, 12072020);
INSERT INTO Payment (Trans_ID, Customer_ID, Card_num, Exp_date, Type, Status, Amount, Date) VALUES ('AF20200000005', 9, 4478778455612239, '01/2023', 'Visa', 'Approved', 150.0, 12072020);
INSERT INTO Payment (Trans_ID, Customer_ID, Card_num, Exp_date, Type, Status, Amount, Date) VALUES ('AF20200000006', 4, 3326984157342699, '08/2023', 'Amex', 'Approved', 25.0, 12082020);
INSERT INTO Payment (Trans_ID, Customer_ID, Card_num, Exp_date, Type, Status, Amount, Date) VALUES ('AF20200000007', 19, 4412335644785517, '06/2022', 'Debit', 'Declined', 52.0, 12082020);
INSERT INTO Payment (Trans_ID, Customer_ID, Card_num, Exp_date, Type, Status, Amount, Date) VALUES ('AF20200000008', 19, 4412336599872245, '06/2023', 'Debit', 'Approved', 52.0, 12082020);
INSERT INTO Payment (Trans_ID, Customer_ID, Card_num, Exp_date, Type, Status, Amount, Date) VALUES ('AF20200000009', 7, 6645657896337754, '01/2022', 'Discover', 'Approved', 98.0, 12092020);
INSERT INTO Payment (Trans_ID, Customer_ID, Card_num, Exp_date, Type, Status, Amount, Date) VALUES ('AF20200000010', 3, 9876543212345678, '02/2021', 'Mastercard', 'Approved', 172.0, 12092020);
INSERT INTO Payment (Trans_ID, Customer_ID, Card_num, Exp_date, Type, Status, Amount, Date) VALUES ('AF20200000011', 6, 5541235894258311, '40/2023', 'Mastercard', 'Approved', 115.0, 12102020);
INSERT INTO Payment (Trans_ID, Customer_ID, Card_num, Exp_date, Type, Status, Amount, Date) VALUES ('AF20200000012', 5, 5544223698623122, '10/2021', 'Mastercard', 'Approved', 64.0, 12102020);
INSERT INTO Payment (Trans_ID, Customer_ID, Card_num, Exp_date, Type, Status, Amount, Date) VALUES ('AF20200000013', 12, 3320005694125400, '07/2023', 'Visa', 'Approved', 78.0, 12102020);
INSERT INTO Payment (Trans_ID, Customer_ID, Card_num, Exp_date, Type, Status, Amount, Date) VALUES ('AF20200000014', 16, 4111223655008877, '05/2025', 'Visa', 'Approved', 44.0, 12102020);
INSERT INTO Payment (Trans_ID, Customer_ID, Card_num, Exp_date, Type, Status, Amount, Date) VALUES ('AF20200000015', 10, 8821006599432587, '09/2021', 'Discover', 'Declined', 112.0, 12102020);
INSERT INTO Payment (Trans_ID, Customer_ID, Card_num, Exp_date, Type, Status, Amount, Date) VALUES ('AF20200000016', 10, 8821006588320002, '12/2021', 'Discover', 'Approved', 112.0, 12102020);
INSERT INTO Payment (Trans_ID, Customer_ID, Card_num, Exp_date, Type, Status, Amount, Date) VALUES ('AF20200000017', 17, 6610323285547619, '01/2022', 'Amex', 'Approved', 198.0, 12102020);
INSERT INTO Payment (Trans_ID, Customer_ID, Card_num, Exp_date, Type, Status, Amount, Date) VALUES ('AF20200000018', 8, 8823006500941530, '03/2021', 'Debit', 'Approved', 100.0, 12102020);
INSERT INTO Payment (Trans_ID, Customer_ID, Card_num, Exp_date, Type, Status, Amount, Date) VALUES ('AF20200000019', 20, 1122334455667788, '07/2022', 'Visa', 'Approved', 36.0, 12112020);
INSERT INTO Payment (Trans_ID, Customer_ID, Card_num, Exp_date, Type, Status, Amount, Date) VALUES ('AF20200000020', 14, 8543612076994466, '10/2021', 'Amex', 'Approved', 48.0, 12112020);

-- Table: Placed
CREATE TABLE Placed (Placed_ord_num NUMERIC (20) REFERENCES Cart (Order_num) ON DELETE CASCADE ON UPDATE CASCADE MATCH SIMPLE NOT NULL, Placed_item_num VARCHAR (20) REFERENCES Food (Item_num) ON DELETE NO ACTION ON UPDATE CASCADE MATCH SIMPLE NOT NULL, Qty_placed INTEGER (10) NOT NULL CHECK (Qty_placed > 0), PRIMARY KEY (Placed_ord_num, Placed_item_num));
INSERT INTO Placed (Placed_ord_num, Placed_item_num, Qty_placed) VALUES (1, '100001', 2);
INSERT INTO Placed (Placed_ord_num, Placed_item_num, Qty_placed) VALUES (1, '100002', 2);
INSERT INTO Placed (Placed_ord_num, Placed_item_num, Qty_placed) VALUES (1, '200005', 3);
INSERT INTO Placed (Placed_ord_num, Placed_item_num, Qty_placed) VALUES (1, '300001', 3);
INSERT INTO Placed (Placed_ord_num, Placed_item_num, Qty_placed) VALUES (2, '100001', 2);
INSERT INTO Placed (Placed_ord_num, Placed_item_num, Qty_placed) VALUES (2, '100002', 1);
INSERT INTO Placed (Placed_ord_num, Placed_item_num, Qty_placed) VALUES (2, '200005', 3);
INSERT INTO Placed (Placed_ord_num, Placed_item_num, Qty_placed) VALUES (2, '300001', 3);
INSERT INTO Placed (Placed_ord_num, Placed_item_num, Qty_placed) VALUES (3, '100001', 1);
INSERT INTO Placed (Placed_ord_num, Placed_item_num, Qty_placed) VALUES (3, '100002', 1);
INSERT INTO Placed (Placed_ord_num, Placed_item_num, Qty_placed) VALUES (3, '100003', 1);
INSERT INTO Placed (Placed_ord_num, Placed_item_num, Qty_placed) VALUES (3, '200004', 1);
INSERT INTO Placed (Placed_ord_num, Placed_item_num, Qty_placed) VALUES (3, '200005', 2);
INSERT INTO Placed (Placed_ord_num, Placed_item_num, Qty_placed) VALUES (13, '100002', 1);
INSERT INTO Placed (Placed_ord_num, Placed_item_num, Qty_placed) VALUES (13, '100004', 1);
INSERT INTO Placed (Placed_ord_num, Placed_item_num, Qty_placed) VALUES (13, '100006', 1);
INSERT INTO Placed (Placed_ord_num, Placed_item_num, Qty_placed) VALUES (13, '200002', 1);
INSERT INTO Placed (Placed_ord_num, Placed_item_num, Qty_placed) VALUES (4, '100001', 2);
INSERT INTO Placed (Placed_ord_num, Placed_item_num, Qty_placed) VALUES (4, '100002', 2);
INSERT INTO Placed (Placed_ord_num, Placed_item_num, Qty_placed) VALUES (4, '100003', 1);
INSERT INTO Placed (Placed_ord_num, Placed_item_num, Qty_placed) VALUES (4, '100004', 1);
INSERT INTO Placed (Placed_ord_num, Placed_item_num, Qty_placed) VALUES (4, '200001', 1);
INSERT INTO Placed (Placed_ord_num, Placed_item_num, Qty_placed) VALUES (4, '300001', 1);
INSERT INTO Placed (Placed_ord_num, Placed_item_num, Qty_placed) VALUES (4, '300003', 1);
INSERT INTO Placed (Placed_ord_num, Placed_item_num, Qty_placed) VALUES (4, '300004', 2);
INSERT INTO Placed (Placed_ord_num, Placed_item_num, Qty_placed) VALUES (4, '300006', 2);
INSERT INTO Placed (Placed_ord_num, Placed_item_num, Qty_placed) VALUES (4, '300002', 1);
INSERT INTO Placed (Placed_ord_num, Placed_item_num, Qty_placed) VALUES (5, '100001', 2);
INSERT INTO Placed (Placed_ord_num, Placed_item_num, Qty_placed) VALUES (5, '100002', 2);
INSERT INTO Placed (Placed_ord_num, Placed_item_num, Qty_placed) VALUES (5, '100003', 1);
INSERT INTO Placed (Placed_ord_num, Placed_item_num, Qty_placed) VALUES (5, '100004', 1);
INSERT INTO Placed (Placed_ord_num, Placed_item_num, Qty_placed) VALUES (5, '200002', 1);
INSERT INTO Placed (Placed_ord_num, Placed_item_num, Qty_placed) VALUES (5, '300001', 1);
INSERT INTO Placed (Placed_ord_num, Placed_item_num, Qty_placed) VALUES (5, '300003', 1);
INSERT INTO Placed (Placed_ord_num, Placed_item_num, Qty_placed) VALUES (5, '300004', 2);
INSERT INTO Placed (Placed_ord_num, Placed_item_num, Qty_placed) VALUES (5, '300006', 2);
INSERT INTO Placed (Placed_ord_num, Placed_item_num, Qty_placed) VALUES (5, '300002', 1);
INSERT INTO Placed (Placed_ord_num, Placed_item_num, Qty_placed) VALUES (6, '200007', 1);
INSERT INTO Placed (Placed_ord_num, Placed_item_num, Qty_placed) VALUES (7, '100002', 1);
INSERT INTO Placed (Placed_ord_num, Placed_item_num, Qty_placed) VALUES (7, '100005', 1);
INSERT INTO Placed (Placed_ord_num, Placed_item_num, Qty_placed) VALUES (7, '200001', 1);
INSERT INTO Placed (Placed_ord_num, Placed_item_num, Qty_placed) VALUES (7, '300003', 1);
INSERT INTO Placed (Placed_ord_num, Placed_item_num, Qty_placed) VALUES (8, '200007', 1);
INSERT INTO Placed (Placed_ord_num, Placed_item_num, Qty_placed) VALUES (8, '100002', 1);
INSERT INTO Placed (Placed_ord_num, Placed_item_num, Qty_placed) VALUES (8, '100005', 1);
INSERT INTO Placed (Placed_ord_num, Placed_item_num, Qty_placed) VALUES (8, '200001', 1);
INSERT INTO Placed (Placed_ord_num, Placed_item_num, Qty_placed) VALUES (8, '300003', 1);
INSERT INTO Placed (Placed_ord_num, Placed_item_num, Qty_placed) VALUES (9, '100001', 1);
INSERT INTO Placed (Placed_ord_num, Placed_item_num, Qty_placed) VALUES (9, '100002', 2);
INSERT INTO Placed (Placed_ord_num, Placed_item_num, Qty_placed) VALUES (9, '100003', 2);
INSERT INTO Placed (Placed_ord_num, Placed_item_num, Qty_placed) VALUES (9, '300004', 2);
INSERT INTO Placed (Placed_ord_num, Placed_item_num, Qty_placed) VALUES (9, '300007', 2);
INSERT INTO Placed (Placed_ord_num, Placed_item_num, Qty_placed) VALUES (10, '100006', 1);
INSERT INTO Placed (Placed_ord_num, Placed_item_num, Qty_placed) VALUES (10, '100004', 3);
INSERT INTO Placed (Placed_ord_num, Placed_item_num, Qty_placed) VALUES (10, '100005', 2);
INSERT INTO Placed (Placed_ord_num, Placed_item_num, Qty_placed) VALUES (10, '200002', 1);
INSERT INTO Placed (Placed_ord_num, Placed_item_num, Qty_placed) VALUES (10, '200007', 1);
INSERT INTO Placed (Placed_ord_num, Placed_item_num, Qty_placed) VALUES (10, '300005', 2);
INSERT INTO Placed (Placed_ord_num, Placed_item_num, Qty_placed) VALUES (10, '300002', 3);
INSERT INTO Placed (Placed_ord_num, Placed_item_num, Qty_placed) VALUES (10, '200005', 2);
INSERT INTO Placed (Placed_ord_num, Placed_item_num, Qty_placed) VALUES (11, '100002', 5);
INSERT INTO Placed (Placed_ord_num, Placed_item_num, Qty_placed) VALUES (11, '300001', 1);
INSERT INTO Placed (Placed_ord_num, Placed_item_num, Qty_placed) VALUES (11, '300003', 1);
INSERT INTO Placed (Placed_ord_num, Placed_item_num, Qty_placed) VALUES (11, '200001', 1);
INSERT INTO Placed (Placed_ord_num, Placed_item_num, Qty_placed) VALUES (11, '300002', 2);
INSERT INTO Placed (Placed_ord_num, Placed_item_num, Qty_placed) VALUES (12, '100002', 2);
INSERT INTO Placed (Placed_ord_num, Placed_item_num, Qty_placed) VALUES (12, '300001', 1);
INSERT INTO Placed (Placed_ord_num, Placed_item_num, Qty_placed) VALUES (12, '200001', 1);
INSERT INTO Placed (Placed_ord_num, Placed_item_num, Qty_placed) VALUES (12, '100004', 1);
INSERT INTO Placed (Placed_ord_num, Placed_item_num, Qty_placed) VALUES (14, '100004', 2);
INSERT INTO Placed (Placed_ord_num, Placed_item_num, Qty_placed) VALUES (14, '300004', 2);
INSERT INTO Placed (Placed_ord_num, Placed_item_num, Qty_placed) VALUES (14, '300006', 2);
INSERT INTO Placed (Placed_ord_num, Placed_item_num, Qty_placed) VALUES (15, '100006', 2);
INSERT INTO Placed (Placed_ord_num, Placed_item_num, Qty_placed) VALUES (15, '200007', 2);
INSERT INTO Placed (Placed_ord_num, Placed_item_num, Qty_placed) VALUES (15, '300003', 1);
INSERT INTO Placed (Placed_ord_num, Placed_item_num, Qty_placed) VALUES (16, '100006', 2);
INSERT INTO Placed (Placed_ord_num, Placed_item_num, Qty_placed) VALUES (16, '200007', 2);
INSERT INTO Placed (Placed_ord_num, Placed_item_num, Qty_placed) VALUES (16, '300003', 1);
INSERT INTO Placed (Placed_ord_num, Placed_item_num, Qty_placed) VALUES (17, '100001', 2);
INSERT INTO Placed (Placed_ord_num, Placed_item_num, Qty_placed) VALUES (17, '100002', 2);
INSERT INTO Placed (Placed_ord_num, Placed_item_num, Qty_placed) VALUES (17, '100003', 2);
INSERT INTO Placed (Placed_ord_num, Placed_item_num, Qty_placed) VALUES (17, '100004', 2);
INSERT INTO Placed (Placed_ord_num, Placed_item_num, Qty_placed) VALUES (17, '100005', 2);
INSERT INTO Placed (Placed_ord_num, Placed_item_num, Qty_placed) VALUES (17, '200004', 2);
INSERT INTO Placed (Placed_ord_num, Placed_item_num, Qty_placed) VALUES (17, '300003', 1);
INSERT INTO Placed (Placed_ord_num, Placed_item_num, Qty_placed) VALUES (18, '200001', 3);
INSERT INTO Placed (Placed_ord_num, Placed_item_num, Qty_placed) VALUES (18, '200007', 1);
INSERT INTO Placed (Placed_ord_num, Placed_item_num, Qty_placed) VALUES (18, '200005', 3);
INSERT INTO Placed (Placed_ord_num, Placed_item_num, Qty_placed) VALUES (18, '200006', 3);
INSERT INTO Placed (Placed_ord_num, Placed_item_num, Qty_placed) VALUES (18, '200003', 3);
INSERT INTO Placed (Placed_ord_num, Placed_item_num, Qty_placed) VALUES (19, '100004', 1);
INSERT INTO Placed (Placed_ord_num, Placed_item_num, Qty_placed) VALUES (19, '300001', 1);
INSERT INTO Placed (Placed_ord_num, Placed_item_num, Qty_placed) VALUES (19, '300003', 1);
INSERT INTO Placed (Placed_ord_num, Placed_item_num, Qty_placed) VALUES (20, '100001', 1);
INSERT INTO Placed (Placed_ord_num, Placed_item_num, Qty_placed) VALUES (20, '100002', 1);
INSERT INTO Placed (Placed_ord_num, Placed_item_num, Qty_placed) VALUES (20, '100003', 1);

COMMIT TRANSACTION;
PRAGMA foreign_keys = on;
